step,intervention_steps,intervention_count,return,episode_length
0,38,1,1.0,47
0,34,2,1.0,41
0,36,2,1.0,44
0,25,1,1.0,30
0,35,1,1.0,41
0,35,1,1.0,46
1,54,1,1.0,62
1,33,1,1.0,39
293,28,2,1.0,38
426,25,1,1.0,34
520,15,1,1.0,21
660,23,2,1.0,36
787,25,1,1.0,31
1192,26,1,1.0,34
1338,34,1,1.0,38
1552,40,1,1.0,64
1799,62,1,1.0,73
2085,62,2,1.0,87
2516,32,1,1.0,40
2640,0,0,0.0,31
2749,0,0,0.0,25
2886,24,1,1.0,32
3026,0,0,0.0,37
3470,20,1,1.0,36
3632,35,1,1.0,45
3711,0,0,0.0,17
3837,0,0,0.0,30
3981,29,1,1.0,39
4356,0,0,0.0,21
4455,0,0,0.0,20
4554,0,0,0.0,20
4676,24,1,1.0,27
4797,23,1,1.0,31
5118,0,0,0.0,17
5557,28,1,1.0,40
5814,57,4,1.0,75
6047,10,2,0.0,69
6200,19,1,1.0,41
6433,0,0,1.0,67
6842,21,1,1.0,43
7025,12,1,1.0,51
7330,40,1,1.0,93
7548,0,0,0.0,63
7779,0,0,0.0,65
8210,23,1,1.0,40
8412,39,1,1.0,60
8531,11,1,1.0,28
8669,20,1,1.0,36
8808,20,1,1.0,37
9395,27,1,1.0,83
9571,36,1,1.0,48
9729,18,1,1.0,42
9966,37,1,1.0,70
10063,0,0,0.0,26
10447,0,0,0.0,25
10583,0,0,0.0,35
10700,0,0,0.0,24
10846,27,1,1.0,34
11014,12,1,1.0,49
11444,15,1,1.0,49
11668,52,1,1.0,66
11831,27,1,1.0,44
11957,0,0,0.0,33
12200,34,1,1.0,71
12686,27,1,1.0,60
12916,0,0,1.0,70
13084,0,0,0.0,45
13270,0,0,0.0,54
13456,42,3,1.0,54
14037,27,1,1.0,92
14185,12,1,1.0,40
14296,0,0,0.0,26
14401,0,0,0.0,24
14492,0,0,0.0,17
14977,31,1,1.0,42
15115,23,1,1.0,38
15272,30,1,1.0,42
15412,26,1,1.0,36
15596,41,1,1.0,52
16080,39,1,1.0,57
16211,24,1,1.0,34
16344,19,1,1.0,34
16440,0,0,1.0,21
16571,2,1,1.0,34
17000,34,1,1.0,43
17241,63,1,1.0,72
17400,26,2,1.0,43
17630,36,3,1.0,68
17894,34,3,1.0,78
18362,24,1,1.0,43
18589,36,2,1.0,65
18839,0,0,1.0,74
18993,0,0,0.0,41
19201,35,1,1.0,60
19576,0,0,0.0,4
20040,44,3,1.0,72
20169,19,1,1.0,33
20346,10,1,1.0,49
20610,33,1,1.0,79
20762,0,0,0.0,40
21346,42,1,1.0,58
21456,13,2,0.0,25
21682,36,3,1.0,64
21864,30,3,1.0,53
21965,0,0,0.0,23
22493,24,3,1.0,67
22600,0,0,0.0,25
22763,0,0,0.0,43
22942,0,0,0.0,49
23220,22,1,1.0,80
23633,30,2,1.0,43
23773,0,0,0.0,36
23915,22,1,1.0,36
24005,0,0,1.0,19
24155,11,2,1.0,40
24580,19,1,1.0,35
24747,23,2,1.0,46
24876,16,1,1.0,33
25005,0,0,0.0,38
25135,0,0,0.0,33
25988,18,1,1.0,56
26096,1,1,1.0,25
26351,12,1,1.0,78
26511,5,1,1.0,43
26610,0,0,1.0,22
27167,20,1,1.0,40
27267,21,1,1.0,25
27401,25,2,1.0,35
27568,22,1,1.0,48
27728,4,1,0.0,44
28190,16,2,1.0,55
28300,0,0,0.0,28
28454,13,1,1.0,39
28620,10,1,1.0,44
28816,14,1,1.0,54
29214,3,1,0.0,25
29351,18,1,1.0,36
29550,0,0,1.0,57
29657,0,0,1.0,25
29812,0,0,0.0,44
30277,21,1,1.0,62
30409,17,1,1.0,33
30520,12,1,1.0,26
30740,8,1,1.0,64
30835,0,0,1.0,22
31263,0,0,0.0,55
31433,0,0,0.0,47
31687,28,2,1.0,73
31829,7,1,1.0,36
31950,6,1,1.0,30
32279,0,0,0.0,21
32414,0,0,0.0,35
32540,0,0,0.0,33
32667,0,0,0.0,31
32872,34,2,1.0,59
33325,46,3,1.0,69
33531,37,3,1.0,59
33668,7,1,1.0,36
33740,0,0,0.0,15
33925,0,0,0.0,49
34587,13,2,1.0,126
34715,6,1,1.0,33
34826,0,0,1.0,27
34919,0,0,1.0,21
35129,0,0,0.0,64
35722,24,1,1.0,123
36130,17,2,1.0,130
36400,4,1,1.0,84
36780,13,3,1.0,122
36897,0,0,1.0,29
37842,31,3,1.0,220
37972,0,0,1.0,32
38083,0,0,1.0,27
38237,0,0,1.0,43
38340,0,0,1.0,24
38868,0,0,0.0,83
38980,0,0,0.0,26
39113,0,0,0.0,35
39274,3,1,1.0,43
39367,0,0,1.0,20
39736,0,0,0.0,23
40000,0,0,0.0,82
40142,0,0,0.0,40
40335,7,1,1.0,56
40600,7,1,1.0,81
41050,13,2,1.0,62
41297,22,4,1.0,72
41450,0,0,1.0,41
41701,0,0,1.0,75
41845,0,0,1.0,38
42397,5,1,1.0,96
42627,22,2,1.0,68
43003,0,0,1.0,119
43170,0,0,1.0,45
43270,0,0,1.0,22
43666,0,0,0.0,41
43800,0,0,0.0,34
44118,46,2,1.0,98
44337,30,3,1.0,62
44444,10,1,1.0,26
44856,0,0,1.0,36
44938,0,0,1.0,15
45055,0,0,1.0,34
45213,0,0,1.0,44
45342,0,0,1.0,34
45870,20,2,1.0,64
46010,15,1,1.0,36
46135,4,1,1.0,31
46226,0,0,1.0,22
46321,0,0,1.0,22
46654,0,0,1.0,30
46770,0,0,1.0,28
46880,0,0,1.0,26
46952,0,0,1.0,15
47095,0,0,1.0,35
47595,0,0,1.0,80
47709,0,0,1.0,27
47810,0,0,1.0,23
48027,0,0,1.0,63
48111,0,0,1.0,20
48490,0,0,0.0,34
48676,0,0,1.0,52
48785,0,0,1.0,27
48897,0,0,1.0,27
49107,0,0,1.0,61
49660,0,0,0.0,107
50045,0,0,0.0,123
50187,0,0,0.0,36
50619,44,3,1.0,138
50813,20,3,1.0,55
51142,0,0,1.0,29
51429,19,3,1.0,88
51610,7,3,1.0,50
51820,18,5,1.0,62
51940,0,0,1.0,30
52270,0,0,1.0,21
52386,0,0,1.0,28
52696,3,1,1.0,96
52840,0,0,1.0,37
52928,0,0,1.0,19
53244,0,0,1.0,29
53341,0,0,1.0,23
53431,0,0,1.0,19
53708,0,0,1.0,84
53820,0,0,1.0,28
54478,0,0,1.0,56
54583,0,0,1.0,25
54719,0,0,1.0,35
54894,0,0,1.0,48
55267,0,0,1.0,124
55967,0,0,1.0,125
56079,0,0,1.0,26
56175,0,0,1.0,23
56317,0,0,1.0,36
57747,0,0,0.0,480
58560,19,1,1.0,167
58688,0,0,1.0,31
59050,0,0,1.0,112
59160,0,0,1.0,26
59260,0,0,1.0,23
59782,0,0,0.0,70
60074,33,1,1.0,96
60180,12,1,1.0,24
60349,11,1,1.0,45
60568,14,2,1.0,63
61010,10,2,1.0,41
61150,0,0,1.0,38
61231,0,0,1.0,17
61314,0,0,1.0,18
61428,2,1,1.0,28
61911,0,0,1.0,70
62092,0,0,1.0,49
62194,0,0,1.0,23
62555,0,0,1.0,115
62648,0,0,1.0,19
63166,0,0,1.0,73
63267,0,0,1.0,23
63365,0,0,1.0,21
63527,0,0,1.0,46
63692,0,0,1.0,47
64063,0,0,1.0,30
64262,0,0,1.0,56
64950,0,0,1.0,229
65845,15,2,1.0,300
65980,0,0,1.0,33
66609,0,0,0.0,128
66903,20,1,1.0,89
67054,10,1,1.0,41
67138,0,0,1.0,17
67292,16,1,1.0,41
67684,9,1,1.0,35
67770,0,0,1.0,20
67865,0,0,1.0,21
68025,5,1,1.0,46
68153,3,1,1.0,33
68499,0,0,1.0,21
68669,0,0,1.0,48
68853,0,0,1.0,51
68948,0,0,1.0,20
69109,0,0,1.0,44
69480,0,0,1.0,40
69680,0,0,1.0,58
69827,0,0,1.0,41
69922,0,0,1.0,23
70012,0,0,1.0,23
70430,0,0,1.0,48
70545,0,0,1.0,28
70648,0,0,1.0,25
70811,0,0,1.0,46
71070,0,0,1.0,76
71446,0,0,0.0,30
71895,0,0,0.0,143
72638,67,8,1.0,243
72740,0,0,1.0,22
72844,0,0,1.0,24
73184,0,0,1.0,23
73394,3,1,1.0,61
73536,0,0,1.0,37
73719,0,0,1.0,54
73846,0,0,1.0,33
74805,19,2,1.0,176
75201,29,2,1.0,129
75350,8,1,1.0,40
75450,0,0,1.0,24
75552,0,0,1.0,24
75993,19,2,1.0,39
76110,0,0,1.0,28
76220,0,0,1.0,26
76348,0,0,1.0,33
76468,0,0,1.0,30
76937,13,2,1.0,81
77113,24,1,1.0,49
77259,17,1,1.0,40
77355,0,0,1.0,22
77433,0,0,1.0,16
77800,0,0,1.0,38
77943,0,0,1.0,37
78142,0,0,1.0,57
78294,0,0,0.0,40
78496,0,0,1.0,59
75197,28,1,1.0,43
75459,0,0,1.0,79
75727,0,0,1.0,78
75835,0,0,1.0,26
75957,0,0,1.0,30
76506,0,0,1.0,89
76644,0,0,1.0,36
76799,0,0,1.0,41
76945,0,0,1.0,40
77092,0,0,1.0,38
77448,0,0,1.0,28
77577,0,0,1.0,32
77802,0,0,1.0,66
78010,0,0,1.0,60
78194,0,0,1.0,49
79788,0,0,0.0,282