ep,which,x_mm,y_mm,z_mm,roll_deg,pitch_deg,yaw_deg,trans_err_x_mm,trans_err_y_mm,trans_err_z_mm,rpy_err_roll_deg,rpy_err_pitch_deg,rpy_err_yaw_deg,geodesic_err_deg,trans_norm_mm,det_r,orth_err
0,coarse,530.24,188.963,57.7607,7.91047,0.274529,75.9207,-0.0944695,0,-0.810608,-0.599698,1.33661,1.43332,2.04662,0.816095,1,5.6144e-08
1,coarse,528.461,191.31,57.1318,4.87826,-3.18134,73.484,-1.87373,2.34629,-1.43949,-3.63191,-2.11926,-1.00337,4.35393,3.32988,1,2.29696e-07
2,coarse,531.096,188.038,60.6977,9.49619,0.253689,73.8535,0.760973,-0.925074,2.12643,0.986018,1.31577,-0.633857,1.75965,2.44061,1,1.75452e-07
3,coarse,530.256,188.013,59.5718,8.51017,-1.06208,74.4874,-0.078962,-0.95059,1.00048,0,0,0,0,1.38232,1,1.21304e-07
4,coarse,531.059,188.565,60.6398,9.4053,-1.00138,73.5381,0.724569,-0.398655,2.06851,0.895132,0.0607033,-0.949252,1.29437,2.2277,1,1.02659e-07
5,coarse,528.425,188.335,56.6278,2.61277,-3.24563,73.8821,-1.9102,-0.628782,-1.94348,-5.8974,-2.18355,-0.60525,6.33856,2.79667,1,3.07806e-07
6,coarse,529.03,187.817,56.8309,4.31617,-0.101287,74.3859,-1.30509,-1.14655,-1.7404,-4.194,0.960793,-0.101508,4.3048,2.45903,1,3.65942e-07
7,coarse,529.743,188.197,57.3252,7.16601,-0.149254,76.5596,-0.592048,-0.76612,-1.24608,-1.34416,0.912827,2.07223,2.62202,1.57803,1,6.97792e-08
8,coarse,529.82,188.242,58.4706,4.01219,-1.31679,74.1442,-0.514999,-0.720987,-0.100721,-4.49798,-0.254707,-0.343214,4.52531,0.891735,1,1.50951e-07
9,coarse,529.644,190.581,58.5245,8.58509,-1.62168,74.5145,-0.691008,1.61765,-0.0467513,0.0749246,-0.559603,0.0271112,0.565333,1.75968,1,1.02011e-07
10,coarse,528.916,192.205,57.7091,5.16563,-2.52617,74.0081,-1.4189,3.24157,-0.862151,-3.34454,-1.46409,-0.479261,3.69579,3.64202,1,3.09442e-07
11,coarse,530.423,187.888,58.9952,8.33173,-0.662074,74.5163,0.0887285,-1.07504,0.423928,-0.178437,0.400006,0.0289694,0.43878,1.15901,1,1.35503e-07
12,coarse,529.742,188.837,58.3028,7.73475,-0.618264,75.191,-0.592631,-0.126428,-0.268456,-0.775424,0.443816,0.703627,1.13019,0.66277,1,7.70359e-08
13,coarse,530.245,188.421,60.9903,5.00487,-2.71732,74.221,-0.0894869,-0.542727,2.419,-3.5053,-1.65524,-0.266381,3.89341,2.48075,1,2.26457e-07
14,coarse,530.521,188.071,59.3137,8.54246,-0.298018,74.4268,0.186535,-0.891934,0.742371,0.0322867,0.764062,-0.0605397,0.767107,1.17535,1,9.54251e-08
15,coarse,529.869,188.41,57.8205,7.50708,-0.955001,74.9499,-0.466156,-0.552824,-0.750732,-1.00309,0.107079,0.462496,1.10237,1.04236,1,4.12808e-08
16,coarse,530.549,192.069,59.4569,4.69941,-5.21149,73.8844,0.214603,3.10602,0.885595,-3.81076,-4.14941,-0.603013,5.68753,3.23693,1,2.15354e-07
17,coarse,530.166,189.742,58.0795,8.14745,-0.756183,75.4553,-0.168265,0.778598,-0.491775,-0.362721,0.305898,0.967945,1.0728,0.936147,1,1.49112e-07
18,coarse,530.589,188.676,60.4397,9.43679,-1.43082,73.2089,0.254118,-0.287391,1.8684,0.926616,-0.368744,-1.27845,1.60544,1.90738,1,9.71245e-08
19,coarse,529.016,187.572,57.4861,4.59682,-4.48042,75.0165,-1.31857,-1.39167,-1.08521,-3.91335,-3.41834,0.529114,5.2033,2.20296,1,1.02164e-07
20,coarse,530.336,189.488,58.326,7.79545,-0.363888,75.3639,0.000829733,0.52475,-0.245292,-0.714721,0.698192,0.876484,1.32322,0.579251,1,1.74277e-07
21,coarse,530.64,189.243,58.3007,7.50963,0.0111429,75.6902,0.304874,0.279368,-0.270551,-1.00054,1.07322,1.20284,1.89144,0.494159,1,1.24148e-07
22,coarse,530.56,189.404,60.1074,9.84034,-1.456,72.956,0.225295,0.440824,1.5361,1.33017,-0.393922,-1.53139,2.04451,1.6139,1,6.86717e-08
23,coarse,530.335,191.213,58.4507,9.17022,-1.69195,73.6345,0,2.24999,-0.120583,0.660055,-0.629874,-0.85291,1.23806,2.25322,1,1.20683e-07
24,coarse,530.892,192.142,60.2495,5.01897,-4.68788,75.1109,0.557326,3.17879,1.67827,-3.4912,-3.6258,0.623477,5.04984,3.63756,1,2.9757e-07
25,coarse,529.818,188.372,57.6835,7.49862,0.0314083,76.3098,-0.516266,-0.591468,-0.887739,-1.01155,1.09349,1.82244,2.34667,1.18509,1,8.87746e-08
26,coarse,529.078,187.611,56.2948,1.75021,-0.776693,74.2067,-1.25665,-1.35214,-2.27645,-6.75996,0.285387,-0.280696,6.77628,2.93082,1,4.0532e-07
27,coarse,529.525,190.423,57.5659,8.32556,-1.67146,75.7078,-0.809622,1.4599,-1.00539,-0.184612,-0.609375,1.22038,1.37258,1.94875,1,1.33921e-07
28,coarse,530.521,189.07,59.8317,9.09235,-0.961044,73.9639,0.186105,0.107118,1.26045,0.582179,0.101037,-0.5235,0.782579,1.27861,1,1.03877e-07
29,coarse,529.03,190.679,56.671,8.02232,-2.18325,76.1511,-1.30502,1.71583,-1.90032,-0.487854,-1.12117,1.66371,2.05351,2.87374,1,1.2079e-07
30,coarse,529.575,189.792,57.7491,8.24651,-0.708336,75.7247,-0.759308,0.829086,-0.822153,-0.26366,0.353744,1.23731,1.30977,1.39279,1,1.41253e-07
31,coarse,530.383,191.861,59.2815,4.00637,-3.3414,74.0101,0.0481859,2.89731,0.710241,-4.5038,-2.27932,-0.477307,5.08623,2.98348,1,2.85926e-07
32,coarse,530.964,190.719,59.0711,9.25553,-2.31792,74.2134,0.629376,1.75561,0.49985,0.745356,-1.25584,-0.273934,1.48178,1.93084,1,1.08211e-07
33,coarse,531.438,191.298,60.3034,4.5613,-5.44361,74.1563,1.10292,2.33489,1.73208,-3.94887,-4.38153,-0.331104,5.9196,3.10938,1,3.74353e-07
34,coarse,529.655,190.157,57.5678,8.17878,-0.740265,76.14,-0.680193,1.19346,-1.00348,-0.331392,0.321816,1.65262,1.71094,1.70117,1,1.34761e-07
35,coarse,530.792,187.755,60.6797,9.56751,-0.893531,73.6011,0.457253,-1.20826,2.10846,1.05734,0.168549,-0.886256,1.37834,2.47276,1,6.49884e-08
36,coarse,530.584,188.981,60.8347,10.144,-1.75258,72.9038,0.249767,0.0180893,2.26344,1.63387,-0.6905,-1.58362,2.35092,2.27725,1,2.26366e-07
37,coarse,529.911,189.671,58.3837,7.94457,-0.924812,75.3548,-0.423787,0.708124,-0.187625,-0.565596,0.137268,0.867394,1.03638,0.846308,1,1.21778e-07
38,coarse,530.81,188.309,60.7063,9.51592,-1.12237,73.2259,0.47488,-0.654533,2.13497,1.00575,-0.0602872,-1.26145,1.59938,2.28299,1,1.33836e-07
39,coarse,529.239,188.236,57.8849,5.34094,-3.03203,73.5912,-1.09523,-0.726921,-0.686337,-3.16923,-1.96995,-0.89615,3.86386,1.4829,1,9.39996e-08
40,coarse,530.865,188.116,58.5713,7.46257,-0.700148,75.207,0.530004,-0.847632,0,-1.0476,0.361933,0.71958,1.31265,0.999692,1,1.44689e-07
41,coarse,530.555,188.606,60.0427,8.78383,-0.702712,73.9544,0.220235,-0.357262,1.47146,0.273661,0.359368,-0.532978,0.695418,1.53014,1,8.66398e-08
42,coarse,530.522,190.01,59.7829,9.32502,-1.59912,73.7959,0.186989,1.04661,1.21159,0.814853,-0.537038,-0.691436,1.18503,1.61193,1,1.50306e-07
43,coarse,530.396,187.422,60.7223,9.3066,-0.408421,73.5861,0.0615649,-1.54164,2.151,0.796429,0.653659,-0.90123,1.36211,2.64712,1,1.39327e-07
44,coarse,530.552,191.855,59.6201,4.83029,-5.04846,74.0697,0.217324,2.89204,1.04886,-3.67988,-3.98638,-0.417724,5.45578,3.08403,1,2.18407e-07
45,coarse,530.69,187.273,61.4065,9.82637,1.79614,73.5009,0.355366,-1.69064,2.83517,1.3162,2.85822,-0.986499,3.30016,3.32005,1,1.50327e-07
46,coarse,527.726,192.874,58.7869,11.249,-1.90488,72.9081,-2.60864,3.91037,0.215579,2.73885,-0.842802,-1.57931,3.23747,4.70557,1,1.37894e-07
0,refined,529.138,187.775,57.2169,7.05093,-4.98351,72.8595,0.534303,-0.204619,-0.966494,0.370119,-0.706063,-0.276455,0.833916,1.12315,1,1.66584e-07
1,refined,528.689,187.671,57.6373,6.82069,-4.98924,73.143,0.0855774,-0.308869,-0.546131,0.13988,-0.711796,0.00708708,0.725554,0.633232,1,8.26515e-08
2,refined,528.826,188.465,57.9821,5.25046,-4.40016,73.8123,0.223046,0.485701,-0.201326,-1.43035,-0.122714,0.676374,1.54014,0.571128,1,2.27435e-07
3,refined,528.735,188.073,58.5287,5.81901,-3.81319,73.8069,0.131192,0.0928035,0.345276,-0.8618,0.464259,0.670934,1.15187,0.38084,1,3.27328e-07
4,refined,528.427,188.193,58.5267,6.63048,-2.9857,74.1487,-0.176348,0.213067,0.343324,-0.050329,1.29174,1.01279,1.64024,0.440872,1,3.88448e-07
5,refined,528.603,187.463,57.5943,7.15757,-4.17249,72.7937,0,-0.516628,-0.589123,0.47676,0.104954,-0.342262,0.575685,0.783563,1,6.75892e-08
6,refined,528.148,187.871,58.3313,5.21736,-4.78517,73.5471,-0.455707,-0.108559,0.14794,-1.46345,-0.507722,0.411124,1.57271,0.491264,1,2.61466e-07
7,refined,528.545,187.691,58.2399,6.07329,-3.41655,74.1272,-0.0583352,-0.288784,0.0564648,-0.607523,0.860896,0.991268,1.41845,0.299979,1,1.85239e-07
8,refined,529.025,188.007,58.5563,5.47809,-2.7478,74.0393,0.421901,0.0268448,0.372922,-1.20272,1.52965,0.903345,2.11403,0.56373,1,4.68195e-07
9,refined,528.404,188.128,58.3763,4.94141,-4.94981,73.4582,-0.199051,0.148119,0.192937,-1.7394,-0.672364,0.322286,1.86849,0.314301,1,1.96118e-07
10,refined,528.663,187.98,58.8416,5.45228,-4.0494,73.8464,0.0599485,0,0.658219,-1.22854,0.228046,0.710462,1.39259,0.660943,1,4.22132e-07
11,refined,528.695,188.038,58.7712,6.18638,-5.09299,73.5737,0.0915266,0.0587202,0.587855,-0.494433,-0.815539,0.437736,1.03238,0.597829,1,3.05453e-07
12,refined,528.947,187.608,58.2557,7.29415,-3.65822,73.2038,0.343622,-0.371815,0.0723159,0.613339,0.619228,0.0678249,0.877486,0.511422,1,5.21177e-08
13,refined,529.251,188.522,57.3897,7.25379,-5.47944,72.7552,0.648087,0.541977,-0.793728,0.572981,-1.20199,-0.380771,1.37148,1.15921,1,8.02763e-08
14,refined,529.215,187.85,58.3092,7.53576,-3.9428,72.7916,0.61125,-0.129522,0.125812,0.854947,0.334649,-0.344355,0.958799,0.637363,1,1.73186e-07
15,refined,529.059,187.824,57.6255,7.0754,-4.39216,72.9795,0.455684,-0.155673,-0.557904,0.394587,-0.114708,-0.156434,0.428947,0.736979,1,8.95418e-08
16,refined,529.098,187.926,58.1385,6.99741,-3.0898,73.2984,0.494563,-0.05352,-0.0448409,0.316595,1.18765,0.162479,1.24248,0.499467,1,7.57043e-08
17,refined,528.575,187.78,57.2952,6.62802,-3.45706,73.1661,-0.0286585,-0.199864,-0.888212,-0.0527879,0.82039,0.030114,0.822508,0.910872,1,1.16655e-07
18,refined,527.941,188.13,58.4274,6.12779,-4.45218,73.7192,-0.662251,0.150213,0.244035,-0.55302,-0.174728,0.583297,0.792144,0.721591,1,1.46109e-07
19,refined,529.581,187.907,58.2069,7.43407,-4.47036,72.5349,0.977865,-0.0731161,0.0234857,0.753256,-0.192917,-0.601063,0.947007,0.980876,1,9.00728e-08
20,refined,528.458,187.904,58.3771,5.486,-4.24438,73.7358,-0.14556,-0.0758751,0.193753,-1.19481,0.0330701,0.599868,1.29692,0.253939,1,3.18841e-07
21,refined,529.226,187.743,57.9894,7.34878,-3.90353,72.8741,0.622234,-0.237171,-0.193976,0.667968,0.373918,-0.261867,0.793481,0.693579,1,4.79121e-08
22,refined,527.772,188.083,58.3421,5.82834,-4.20904,73.5992,-0.831817,0.10368,0.158755,-0.852472,0.0684075,0.463275,0.942108,0.853155,1,1.61735e-07
23,refined,528.974,188.015,57.7605,6.91316,-4.20475,72.8241,0.370772,0.0352999,-0.422928,0.232345,0.0727024,-0.311882,0.381866,0.563547,1,9.09432e-08
24,refined,528.329,188.399,58.3317,4.72232,-4.46123,73.809,-0.274071,0.419383,0.148275,-1.9585,-0.183779,0.673055,2.03017,0.522477,1,1.62584e-07
25,refined,528.288,187.98,58.1625,5.61665,-3.38214,73.9954,-0.315059,0.000634433,-0.0209112,-1.06417,0.895311,0.859399,1.59699,0.315753,1,2.60522e-07
26,refined,528.232,187.804,58.3766,5.22881,-3.74941,73.6574,-0.371335,-0.175427,0.193201,-1.45201,0.528035,0.521487,1.59783,0.453862,1,2.35249e-07
27,refined,528.307,188.07,58.2987,5.89608,-4.19009,73.8607,-0.296629,0.0902145,0.115309,-0.78473,0.0873537,0.724748,1.03185,0.330793,1,3.01881e-07
28,refined,528.16,187.968,57.2593,6.92097,-5.59057,72.7988,-0.443676,-0.012224,-0.924083,0.240153,-1.31313,-0.337152,1.37175,1.02515,1,1.44348e-07
29,refined,528.518,187.85,58.1834,5.42177,-3.92969,74.0571,-0.0850503,-0.130144,0,-1.25904,0.347756,0.921122,1.5455,0.15547,1,2.87094e-07
30,refined,528.714,187.379,57.6472,7.08574,-3.03881,73.2865,0.110541,-0.600543,-0.536177,0.40493,1.23864,0.150558,1.31477,0.812624,1,8.99928e-08
31,refined,528.436,188.175,58.7254,5.3302,-4.90785,73.5401,-0.167837,0.195677,0.541994,-1.35061,-0.630402,0.404191,1.51575,0.60018,1,2.47375e-07
32,refined,528.354,188.136,58.3844,5.62537,-3.24427,74.1171,-0.249089,0.156539,0.201004,-1.05545,1.03318,0.981195,1.73442,0.356304,1,2.34979e-07
33,refined,528.38,188.029,57.6119,6.54653,-4.31511,72.9172,-0.223307,0.0490756,-0.571515,-0.134285,-0.0376625,-0.218736,0.267763,0.615552,1,1.01916e-07
34,refined,528.547,187.655,57.3487,6.64833,-2.97077,73.3904,-0.0561585,-0.324941,-0.834723,-0.0324786,1.30668,0.254478,1.33123,0.897498,1,1.75876e-07
35,refined,528.994,188.052,57.6299,7.11843,-2.81606,73.251,0.390775,0.0725437,-0.553512,0.437622,1.46138,0.115016,1.53186,0.681428,1,8.96033e-08
36,refined,528.298,187.632,58.1368,6.68081,-4.27745,73.136,-0.305786,-0.348259,-0.0465702,0,0,0,0,0.465788,1,5.95083e-08
37,refined,528.301,187.992,57.8943,4.26413,-4.49481,73.9642,-0.301882,0.0121864,-0.289057,-2.41668,-0.217365,0.828264,2.50347,0.418133,1,1.66532e-07
38,refined,528.863,188.564,58.6732,5.96709,-4.51092,73.6971,0.259406,0.58374,0.489792,-0.713722,-0.233473,0.561142,0.90411,0.804947,1,1.04083e-07
39,refined,528.766,188.121,58.4908,5.23378,-3.82219,73.7351,0.162238,0.14153,0.307407,-1.44704,0.455255,0.599166,1.59301,0.375301,1,2.44778e-07
40,refined,528.532,188.059,58.2142,6.10446,-4.85771,73.474,-0.0717078,0.0788559,0.0308506,-0.57635,-0.580264,0.338036,0.867249,0.11096,1,3.37829e-07
41,refined,528.068,187.829,58.378,5.62017,-1.42306,74.2556,-0.535401,-0.150928,0.194651,-1.06064,2.85439,1.1196,3.22604,0.589341,1,3.48271e-07
42,refined,528.829,187.919,57.7693,6.88253,-3.6469,72.6683,0.225853,-0.0612602,-0.414112,0.201715,0.630552,-0.467654,0.802462,0.475659,1,1.37444e-07
43,refined,529.168,187.846,57.7996,7.26257,-4.38561,72.7376,0.564233,-0.133432,-0.383777,0.581755,-0.108159,-0.398312,0.688321,0.695304,1,1.37478e-07
44,refined,528.962,188.056,57.9952,7.05509,-4.78953,72.7013,0.358714,0.0760821,-0.18819,0.374279,-0.512087,-0.434644,0.752005,0.412164,1,7.84765e-08
45,refined,529.347,187.856,57.9346,7.21197,-4.08734,73.255,0.743364,-0.124113,-0.248782,0.531157,0.190104,0.119078,0.584526,0.793654,1,4.74488e-08
46,refined,528.508,188.194,57.6754,6.70012,-4.76687,72.8025,-0.0956786,0.214303,-0.508008,0.019312,-0.489427,-0.333432,0.591669,0.5596,1,1.49158e-07
